"Timestamp","Name","Contact No.","Email","Dept and Course","How did you hear about this event ?"
"2025/10/13 5:22:06 pm GMT+5:30","Anika Sharma","7011122500","anikaanubha@gmail.com","Commerce department and Course BCom Hons.","WhatsApp Group"
"2025/10/13 5:22:50 pm GMT+5:30","Ayush kalra","9792422039","Ayush.meeting@gmail.com","Aib, bsc hons biotech","WhatsApp Group"
"2025/10/13 5:36:19 pm GMT+5:30","Vrinda Girdhar","9971075391","girdharvrinda@gmail.com","AIPS, ba hons with research in applied psychology ","WhatsApp Group"
"2025/10/13 5:39:35 pm GMT+5:30","Abhiraj ","9958995472","abhirajsirsaogps@gmail.com","AIIT (Bsc. It (AI&DS) Big honors ","Friends/Collegue"
"2025/10/13 5:49:15 pm GMT+5:30","Mahek sood","9582402991","maheksood28@gmail.com","AIIT Bsc it ","WhatsApp Group"
"2025/10/13 5:51:00 pm GMT+5:30","Jagrit Chugh","9899920413","chughjagrit9@gmail.com","AIIT and B.sc IT BIG HONS","Friends/Collegue"
"2025/10/13 5:51:53 pm GMT+5:30","Toashi sharma ","7838883444","toashisharma@gmail.com","Bsc it hons ","Friends/Collegue"
"2025/10/13 5:52:52 pm GMT+5:30","Vridhi Mangla ","9350347268","mangladeepak70@gmail.com","AIIT(BSc IT Big honours)","Friends/Collegue"
"2025/10/13 5:53:32 pm GMT+5:30","Ira Singh","9868412456","irasingh014@gmail.com","Bsc IT Big Hons","WhatsApp Group"
"2025/10/13 5:55:41 pm GMT+5:30","preet ","7428943243","preety1715@gnail.com","bsc biotech","WhatsApp Group"
"2025/10/13 5:57:43 pm GMT+5:30","Vedant ","9354978340","preetimevati024@gmail.com","Amity institute of biotechnology, bsc h biotechnology ","WhatsApp Group"
"2025/10/13 6:01:16 pm GMT+5:30","Bhargavi Pathak ","9580232832","aryapathak88@gmail.com","Amity institute of biotechnology, BSc biotechnology hons 3 years ","Friends/Collegue"
"2025/10/13 6:01:36 pm GMT+5:30","Pratha Chauhan","8178107687","prathachauhansmb@gmail.com","AIB & bsc. Biotech (H)","WhatsApp Group"
"2025/10/13 6:11:00 pm GMT+5:30","Bhumi Yadav","8826923126","yadavbhumi.0488@gmail.com","AIMT bsc microbiology ","WhatsApp Group"
"2025/10/13 6:12:51 pm GMT+5:30","Disha sharma ","6375842101","dishaaasharmaaa2024@gmail.com","Bsc biotechnology honours/ honours with research ","WhatsApp Group"
"2025/10/13 6:13:05 pm GMT+5:30","Ananya Pathak","9555845114","ananyapathak0713@gmail.com","AIFS / Bsc forensic science ","WhatsApp Group"
"2025/10/13 6:20:05 pm GMT+5:30","subhajeet sahu","7894373655","Subhajeet.sahu.js@gmail.com","LLB(H)","Friends/Collegue"
"2025/10/13 6:20:53 pm GMT+5:30","Aaryamaan aazad","9315875077","aaryamaanaazad@gmail.com","BA JAMC HONS WITH RESEARCH","WhatsApp Group"